source_file,diff_type,kind,metric,compiler1_name,compiler2_name,compiler1,compiler2,diff,diff_percent,unit,direction,which_is_better
bit_mix.cpp,standard,metric,amd_l2_ic_dc_miss_in_l2,g++,clang++,39455.0,35326.0,-4129.0,-10.465087,misses,lower_is_better,clang++
bit_mix.cpp,standard,metric,branch_instructions,g++,clang++,135438586.0,68431153.0,-67007433.0,-49.474404,branches,lower_is_better,clang++
bit_mix.cpp,standard,metric,branch_mispredictions,g++,clang++,8284.0,9010.0,726.0,8.763882,misses,lower_is_better,g++
bit_mix.cpp,standard,metric,branch_miss_rate_pct,g++,clang++,0.0061,0.0132,0.0071,116.393443,%,lower_is_better,g++
bit_mix.cpp,standard,metric,cache_miss_rate_pct,g++,clang++,13.4253,12.1355,-1.2898,-9.607234,%,lower_is_better,clang++
bit_mix.cpp,standard,metric,cache_misses,g++,clang++,35087.0,32582.0,-2505.0,-7.139396,misses,lower_is_better,clang++
bit_mix.cpp,standard,metric,cache_references,g++,clang++,261349.0,268486.0,7137.0,2.730831,references,lower_is_better,g++
bit_mix.cpp,standard,metric,cpu_cycles,g++,clang++,1885554286.0,1950899243.0,65344957.0,3.465557,cycles,lower_is_better,g++
bit_mix.cpp,standard,metric,dtlb_load_misses,g++,clang++,951.0,803.0,-148.0,-15.562566,misses,lower_is_better,clang++
bit_mix.cpp,standard,metric,execution_time_ms,g++,clang++,340.4158,353.0678,12.652,3.716631,ms,lower_is_better,g++
bit_mix.cpp,standard,metric,frontend_stall_cycles,g++,clang++,2353437.0,2323262.0,-30175.0,-1.282167,cycles,lower_is_better,clang++
bit_mix.cpp,standard,metric,frontend_stall_ratio_pct,g++,clang++,0.1248,0.1191,-0.0057,-4.567308,%,lower_is_better,clang++
bit_mix.cpp,standard,metric,instruction_count,g++,clang++,2153088600.0,2020367925.0,-132720675.0,-6.164199,instructions,lower_is_better,clang++
bit_mix.cpp,standard,metric,ipc,g++,clang++,1.1419,1.0356,-0.1063,-9.309046,insn/cycle,higher_is_better,g++
bit_mix.cpp,standard,metric,itlb_load_misses,g++,clang++,241.0,220.0,-21.0,-8.713693,misses,lower_is_better,clang++
bit_mix.cpp,standard,metric,l1_cache_misses,g++,clang++,57776.0,63571.0,5795.0,10.030116,misses,lower_is_better,g++
bit_mix.cpp,standard,metric,l1_icache_misses,g++,clang++,39103.0,40213.0,1110.0,2.838657,misses,lower_is_better,g++
bit_mix.cpp,standard,metric,l2_cache_misses,g++,clang++,39455.0,35326.0,-4129.0,-10.465087,misses,lower_is_better,clang++
bit_mix.cpp,standard,metric,l2_per_l1_miss_pct,g++,clang++,68.2896,55.5694,-12.7202,-18.626848,%,lower_is_better,clang++
bit_mix.cpp,standard,metric,ref_cycles,g++,clang++,1295195734.0,1337062069.0,41866335.0,3.232433,cycles,lower_is_better,g++
bit_mix.cpp,derived,metric,amd_l2_ic_dc_miss_in_l2,g++,clang++,39455.0,35326.0,-4129.0,-10.465087,misses,lower_is_better,clang++
bit_mix.cpp,derived,metric,branch_instructions,g++,clang++,135438586.0,68431153.0,-67007433.0,-49.474404,branches,lower_is_better,clang++
bit_mix.cpp,derived,metric,branch_mispredictions,g++,clang++,8284.0,9010.0,726.0,8.763882,misses,lower_is_better,g++
bit_mix.cpp,derived,metric,branch_miss_rate_pct,g++,clang++,0.0061,0.0132,0.0071,116.393443,%,lower_is_better,g++
bit_mix.cpp,derived,metric,cache_miss_rate_pct,g++,clang++,13.4253,12.1355,-1.2898,-9.607234,%,lower_is_better,clang++
bit_mix.cpp,derived,metric,cache_misses,g++,clang++,35087.0,32582.0,-2505.0,-7.139396,misses,lower_is_better,clang++
bit_mix.cpp,derived,metric,cache_references,g++,clang++,261349.0,268486.0,7137.0,2.730831,references,lower_is_better,g++
bit_mix.cpp,derived,metric,cpu_cycles,g++,clang++,1885554286.0,1950899243.0,65344957.0,3.465557,cycles,lower_is_better,g++
bit_mix.cpp,derived,metric,dtlb_load_misses,g++,clang++,951.0,803.0,-148.0,-15.562566,misses,lower_is_better,clang++
bit_mix.cpp,derived,metric,execution_time_ms,g++,clang++,340.4158,353.0678,12.652,3.716631,ms,lower_is_better,g++
bit_mix.cpp,derived,metric,frontend_stall_cycles,g++,clang++,2353437.0,2323262.0,-30175.0,-1.282167,cycles,lower_is_better,clang++
bit_mix.cpp,derived,metric,frontend_stall_ratio_pct,g++,clang++,0.1248,0.1191,-0.0057,-4.567308,%,lower_is_better,clang++
bit_mix.cpp,derived,metric,instruction_count,g++,clang++,2153088600.0,2020367925.0,-132720675.0,-6.164199,instructions,lower_is_better,clang++
bit_mix.cpp,derived,metric,ipc,g++,clang++,1.1419,1.0356,-0.1063,-9.309046,insn/cycle,higher_is_better,g++
bit_mix.cpp,derived,metric,itlb_load_misses,g++,clang++,241.0,220.0,-21.0,-8.713693,misses,lower_is_better,clang++
bit_mix.cpp,derived,metric,l1_cache_misses,g++,clang++,57776.0,63571.0,5795.0,10.030116,misses,lower_is_better,g++
bit_mix.cpp,derived,metric,l1_icache_misses,g++,clang++,39103.0,40213.0,1110.0,2.838657,misses,lower_is_better,g++
bit_mix.cpp,derived,metric,l2_cache_misses,g++,clang++,39455.0,35326.0,-4129.0,-10.465087,misses,lower_is_better,clang++
bit_mix.cpp,derived,metric,l2_per_l1_miss_pct,g++,clang++,68.2896,55.5694,-12.7202,-18.626848,%,lower_is_better,clang++
bit_mix.cpp,derived,metric,ref_cycles,g++,clang++,1295195734.0,1337062069.0,41866335.0,3.232433,cycles,lower_is_better,g++
bit_mix.cpp,derived,derived_metric,branch_miss_rate,g++,clang++,6.1e-05,0.000132,7.1e-05,116.393443,,lower_is_better,g++
bit_mix.cpp,derived,derived_metric,branch_mpki,g++,clang++,0.003847,0.00446,0.000613,15.934494,,lower_is_better,g++
bit_mix.cpp,derived,derived_metric,cache_miss_rate,g++,clang++,0.134253,0.121355,-0.012898,-9.607234,,lower_is_better,clang++
bit_mix.cpp,derived,derived_metric,cpi,g++,clang++,0.875744,0.965616,0.089872,10.26236,,lower_is_better,g++
bit_mix.cpp,derived,derived_metric,execution_efficiency,g++,clang++,6324878.574966,5722322.80882,-602555.766146,-9.526756,,higher_is_better,g++
bit_mix.cpp,derived,derived_metric,frontend_stall_ratio,g++,clang++,0.001248,0.001191,-5.7e-05,-4.567308,,lower_is_better,clang++
bit_mix.cpp,derived,derived_metric,ipc,g++,clang++,1.141886,1.035609,-0.106277,-9.307146,,higher_is_better,g++
bit_mix.cpp,derived,derived_metric,l1_mpki,g++,clang++,0.026834,0.031465,0.004631,17.257956,,lower_is_better,g++
bit_mix.cpp,derived,derived_metric,l2_mpki,g++,clang++,0.018325,0.017485,-0.00084,-4.583902,,lower_is_better,clang++
bit_mix.cpp,derived,derived_metric,memory_intensity,g++,clang++,0.000121,0.000133,1.2e-05,9.917355,,lower_is_better,g++
branch_threshold.cpp,standard,metric,amd_l2_ic_dc_miss_in_l2,g++,clang++,102843.0,97187.0,-5656.0,-5.499645,misses,lower_is_better,clang++
branch_threshold.cpp,standard,metric,branch_instructions,g++,clang++,110613808.0,108400956.0,-2212852.0,-2.000521,branches,lower_is_better,clang++
branch_threshold.cpp,standard,metric,branch_mispredictions,g++,clang++,346823.0,2237.0,-344586.0,-99.355002,misses,lower_is_better,clang++
branch_threshold.cpp,standard,metric,branch_miss_rate_pct,g++,clang++,0.3135,0.0021,-0.3114,-99.330144,%,lower_is_better,clang++
branch_threshold.cpp,standard,metric,cache_miss_rate_pct,g++,clang++,1.9358,2.0242,0.0884,4.566587,%,lower_is_better,g++
branch_threshold.cpp,standard,metric,cache_misses,g++,clang++,92177.0,96459.0,4282.0,4.64541,misses,lower_is_better,g++
branch_threshold.cpp,standard,metric,cache_references,g++,clang++,4761697.0,4765361.0,3664.0,0.076947,references,lower_is_better,g++
branch_threshold.cpp,standard,metric,cpu_cycles,g++,clang++,87587701.0,66280618.0,-21307083.0,-24.32657,cycles,lower_is_better,clang++
branch_threshold.cpp,standard,metric,dtlb_load_misses,g++,clang++,7939.0,7842.0,-97.0,-1.221816,misses,lower_is_better,clang++
branch_threshold.cpp,standard,metric,execution_time_ms,g++,clang++,16.074,12.3292,-3.7448,-23.29725,ms,lower_is_better,clang++
branch_threshold.cpp,standard,metric,frontend_stall_cycles,g++,clang++,8801484.0,3874295.0,-4927189.0,-55.981344,cycles,lower_is_better,clang++
branch_threshold.cpp,standard,metric,frontend_stall_ratio_pct,g++,clang++,10.0488,5.8453,-4.2035,-41.830865,%,lower_is_better,clang++
branch_threshold.cpp,standard,metric,instruction_count,g++,clang++,378131676.0,365563109.0,-12568567.0,-3.32386,instructions,lower_is_better,clang++
branch_threshold.cpp,standard,metric,ipc,g++,clang++,4.3172,5.5154,1.1982,27.7541,insn/cycle,higher_is_better,clang++
branch_threshold.cpp,standard,metric,itlb_load_misses,g++,clang++,259.0,256.0,-3.0,-1.158301,misses,lower_is_better,clang++
branch_threshold.cpp,standard,metric,l1_cache_misses,g++,clang++,2330575.0,2334691.0,4116.0,0.176609,misses,lower_is_better,g++
branch_threshold.cpp,standard,metric,l1_icache_misses,g++,clang++,33747.0,35367.0,1620.0,4.800427,misses,lower_is_better,g++
branch_threshold.cpp,standard,metric,l2_cache_misses,g++,clang++,102843.0,97187.0,-5656.0,-5.499645,misses,lower_is_better,clang++
branch_threshold.cpp,standard,metric,l2_per_l1_miss_pct,g++,clang++,4.4128,4.1627,-0.2501,-5.667603,%,lower_is_better,clang++
branch_threshold.cpp,standard,metric,ref_cycles,g++,clang++,60537835.0,45575954.0,-14961881.0,-24.714926,cycles,lower_is_better,clang++
branch_threshold.cpp,derived,metric,amd_l2_ic_dc_miss_in_l2,g++,clang++,102843.0,97187.0,-5656.0,-5.499645,misses,lower_is_better,clang++
branch_threshold.cpp,derived,metric,branch_instructions,g++,clang++,110613808.0,108400956.0,-2212852.0,-2.000521,branches,lower_is_better,clang++
branch_threshold.cpp,derived,metric,branch_mispredictions,g++,clang++,346823.0,2237.0,-344586.0,-99.355002,misses,lower_is_better,clang++
branch_threshold.cpp,derived,metric,branch_miss_rate_pct,g++,clang++,0.3135,0.0021,-0.3114,-99.330144,%,lower_is_better,clang++
branch_threshold.cpp,derived,metric,cache_miss_rate_pct,g++,clang++,1.9358,2.0242,0.0884,4.566587,%,lower_is_better,g++
branch_threshold.cpp,derived,metric,cache_misses,g++,clang++,92177.0,96459.0,4282.0,4.64541,misses,lower_is_better,g++
branch_threshold.cpp,derived,metric,cache_references,g++,clang++,4761697.0,4765361.0,3664.0,0.076947,references,lower_is_better,g++
branch_threshold.cpp,derived,metric,cpu_cycles,g++,clang++,87587701.0,66280618.0,-21307083.0,-24.32657,cycles,lower_is_better,clang++
branch_threshold.cpp,derived,metric,dtlb_load_misses,g++,clang++,7939.0,7842.0,-97.0,-1.221816,misses,lower_is_better,clang++
branch_threshold.cpp,derived,metric,execution_time_ms,g++,clang++,16.074,12.3292,-3.7448,-23.29725,ms,lower_is_better,clang++
branch_threshold.cpp,derived,metric,frontend_stall_cycles,g++,clang++,8801484.0,3874295.0,-4927189.0,-55.981344,cycles,lower_is_better,clang++
branch_threshold.cpp,derived,metric,frontend_stall_ratio_pct,g++,clang++,10.0488,5.8453,-4.2035,-41.830865,%,lower_is_better,clang++
branch_threshold.cpp,derived,metric,instruction_count,g++,clang++,378131676.0,365563109.0,-12568567.0,-3.32386,instructions,lower_is_better,clang++
branch_threshold.cpp,derived,metric,ipc,g++,clang++,4.3172,5.5154,1.1982,27.7541,insn/cycle,higher_is_better,clang++
branch_threshold.cpp,derived,metric,itlb_load_misses,g++,clang++,259.0,256.0,-3.0,-1.158301,misses,lower_is_better,clang++
branch_threshold.cpp,derived,metric,l1_cache_misses,g++,clang++,2330575.0,2334691.0,4116.0,0.176609,misses,lower_is_better,g++
branch_threshold.cpp,derived,metric,l1_icache_misses,g++,clang++,33747.0,35367.0,1620.0,4.800427,misses,lower_is_better,g++
branch_threshold.cpp,derived,metric,l2_cache_misses,g++,clang++,102843.0,97187.0,-5656.0,-5.499645,misses,lower_is_better,clang++
branch_threshold.cpp,derived,metric,l2_per_l1_miss_pct,g++,clang++,4.4128,4.1627,-0.2501,-5.667603,%,lower_is_better,clang++
branch_threshold.cpp,derived,metric,ref_cycles,g++,clang++,60537835.0,45575954.0,-14961881.0,-24.714926,cycles,lower_is_better,clang++
branch_threshold.cpp,derived,derived_metric,branch_miss_rate,g++,clang++,0.003135,2.1e-05,-0.003114,-99.330144,,lower_is_better,clang++
branch_threshold.cpp,derived,derived_metric,branch_mpki,g++,clang++,0.917202,0.006119,-0.911083,-99.332862,,lower_is_better,clang++
branch_threshold.cpp,derived,derived_metric,cache_miss_rate,g++,clang++,0.019358,0.020242,0.000884,4.566587,,lower_is_better,g++
branch_threshold.cpp,derived,derived_metric,cpi,g++,clang++,0.231633,0.181311,-0.050322,-21.724884,,lower_is_better,clang++
branch_threshold.cpp,derived,derived_metric,execution_efficiency,g++,clang++,23524429.264651,29650188.901145,6125759.636494,26.039993,,higher_is_better,clang++
branch_threshold.cpp,derived,derived_metric,frontend_stall_ratio,g++,clang++,0.100488,0.058453,-0.042035,-41.830865,,lower_is_better,clang++
branch_threshold.cpp,derived,derived_metric,ipc,g++,clang++,4.317178,5.515385,1.198207,27.754403,,higher_is_better,clang++
branch_threshold.cpp,derived,derived_metric,l1_mpki,g++,clang++,6.163395,6.386561,0.223166,3.620829,,lower_is_better,g++
branch_threshold.cpp,derived,derived_metric,l2_mpki,g++,clang++,0.271977,0.265856,-0.006121,-2.250558,,lower_is_better,clang++
branch_threshold.cpp,derived,derived_metric,memory_intensity,g++,clang++,0.012593,0.013036,0.000443,3.517827,,lower_is_better,g++
column_sum.cpp,standard,metric,amd_l2_ic_dc_miss_in_l2,g++,clang++,16775570.0,12571361.0,-4204209.0,-25.061497,misses,lower_is_better,clang++
column_sum.cpp,standard,metric,branch_instructions,g++,clang++,39973595.0,14478917.0,-25494678.0,-63.778797,branches,lower_is_better,clang++
column_sum.cpp,standard,metric,branch_mispredictions,g++,clang++,39044.0,39599.0,555.0,1.421473,misses,lower_is_better,g++
column_sum.cpp,standard,metric,branch_miss_rate_pct,g++,clang++,0.0977,0.2735,0.1758,179.938588,%,lower_is_better,g++
column_sum.cpp,standard,metric,cache_miss_rate_pct,g++,clang++,28.8822,14.8756,-14.0066,-48.495613,%,lower_is_better,clang++
column_sum.cpp,standard,metric,cache_misses,g++,clang++,24258818.0,13219852.0,-11038966.0,-45.504962,misses,lower_is_better,clang++
column_sum.cpp,standard,metric,cache_references,g++,clang++,83992216.0,88869470.0,4877254.0,5.806793,references,lower_is_better,g++
column_sum.cpp,standard,metric,cpu_cycles,g++,clang++,825934996.0,851234247.0,25299251.0,3.063104,cycles,lower_is_better,g++
column_sum.cpp,standard,metric,dtlb_load_misses,g++,clang++,1768423.0,1305889.0,-462534.0,-26.155168,misses,lower_is_better,clang++
column_sum.cpp,standard,metric,execution_time_ms,g++,clang++,153.2698,154.0908,0.821,0.535657,ms,lower_is_better,g++
column_sum.cpp,standard,metric,frontend_stall_cycles,g++,clang++,195348724.0,10457784.0,-184890940.0,-94.646607,cycles,lower_is_better,clang++
column_sum.cpp,standard,metric,frontend_stall_ratio_pct,g++,clang++,23.6518,1.2285,-22.4233,-94.805892,%,lower_is_better,clang++
column_sum.cpp,standard,metric,instruction_count,g++,clang++,237946327.0,161474633.0,-76471694.0,-32.138212,instructions,lower_is_better,clang++
column_sum.cpp,standard,metric,ipc,g++,clang++,0.2881,0.1897,-0.0984,-34.154807,insn/cycle,higher_is_better,g++
column_sum.cpp,standard,metric,itlb_load_misses,g++,clang++,301.0,297.0,-4.0,-1.328904,misses,lower_is_better,clang++
column_sum.cpp,standard,metric,l1_cache_misses,g++,clang++,40777736.0,45567883.0,4790147.0,11.746967,misses,lower_is_better,g++
column_sum.cpp,standard,metric,l1_icache_misses,g++,clang++,120244.0,136705.0,16461.0,13.689664,misses,lower_is_better,g++
column_sum.cpp,standard,metric,l2_cache_misses,g++,clang++,16775570.0,12571361.0,-4204209.0,-25.061497,misses,lower_is_better,clang++
column_sum.cpp,standard,metric,l2_per_l1_miss_pct,g++,clang++,41.139,27.5882,-13.5508,-32.93906,%,lower_is_better,clang++
column_sum.cpp,standard,metric,ref_cycles,g++,clang++,569383944.0,582540733.0,13156789.0,2.310706,cycles,lower_is_better,g++
column_sum.cpp,derived,metric,amd_l2_ic_dc_miss_in_l2,g++,clang++,16775570.0,12571361.0,-4204209.0,-25.061497,misses,lower_is_better,clang++
column_sum.cpp,derived,metric,branch_instructions,g++,clang++,39973595.0,14478917.0,-25494678.0,-63.778797,branches,lower_is_better,clang++
column_sum.cpp,derived,metric,branch_mispredictions,g++,clang++,39044.0,39599.0,555.0,1.421473,misses,lower_is_better,g++
column_sum.cpp,derived,metric,branch_miss_rate_pct,g++,clang++,0.0977,0.2735,0.1758,179.938588,%,lower_is_better,g++
column_sum.cpp,derived,metric,cache_miss_rate_pct,g++,clang++,28.8822,14.8756,-14.0066,-48.495613,%,lower_is_better,clang++
column_sum.cpp,derived,metric,cache_misses,g++,clang++,24258818.0,13219852.0,-11038966.0,-45.504962,misses,lower_is_better,clang++
column_sum.cpp,derived,metric,cache_references,g++,clang++,83992216.0,88869470.0,4877254.0,5.806793,references,lower_is_better,g++
column_sum.cpp,derived,metric,cpu_cycles,g++,clang++,825934996.0,851234247.0,25299251.0,3.063104,cycles,lower_is_better,g++
column_sum.cpp,derived,metric,dtlb_load_misses,g++,clang++,1768423.0,1305889.0,-462534.0,-26.155168,misses,lower_is_better,clang++
column_sum.cpp,derived,metric,execution_time_ms,g++,clang++,153.2698,154.0908,0.821,0.535657,ms,lower_is_better,g++
column_sum.cpp,derived,metric,frontend_stall_cycles,g++,clang++,195348724.0,10457784.0,-184890940.0,-94.646607,cycles,lower_is_better,clang++
column_sum.cpp,derived,metric,frontend_stall_ratio_pct,g++,clang++,23.6518,1.2285,-22.4233,-94.805892,%,lower_is_better,clang++
column_sum.cpp,derived,metric,instruction_count,g++,clang++,237946327.0,161474633.0,-76471694.0,-32.138212,instructions,lower_is_better,clang++
column_sum.cpp,derived,metric,ipc,g++,clang++,0.2881,0.1897,-0.0984,-34.154807,insn/cycle,higher_is_better,g++
column_sum.cpp,derived,metric,itlb_load_misses,g++,clang++,301.0,297.0,-4.0,-1.328904,misses,lower_is_better,clang++
column_sum.cpp,derived,metric,l1_cache_misses,g++,clang++,40777736.0,45567883.0,4790147.0,11.746967,misses,lower_is_better,g++
column_sum.cpp,derived,metric,l1_icache_misses,g++,clang++,120244.0,136705.0,16461.0,13.689664,misses,lower_is_better,g++
column_sum.cpp,derived,metric,l2_cache_misses,g++,clang++,16775570.0,12571361.0,-4204209.0,-25.061497,misses,lower_is_better,clang++
column_sum.cpp,derived,metric,l2_per_l1_miss_pct,g++,clang++,41.139,27.5882,-13.5508,-32.93906,%,lower_is_better,clang++
column_sum.cpp,derived,metric,ref_cycles,g++,clang++,569383944.0,582540733.0,13156789.0,2.310706,cycles,lower_is_better,g++
column_sum.cpp,derived,derived_metric,branch_miss_rate,g++,clang++,0.000977,0.002735,0.001758,179.938588,,lower_is_better,g++
column_sum.cpp,derived,derived_metric,branch_mpki,g++,clang++,0.164087,0.245234,0.081147,49.453643,,lower_is_better,g++
column_sum.cpp,derived,derived_metric,cache_miss_rate,g++,clang++,0.288822,0.148756,-0.140066,-48.495613,,lower_is_better,clang++
column_sum.cpp,derived,derived_metric,cpi,g++,clang++,3.471098,5.271628,1.80053,51.872059,,lower_is_better,g++
column_sum.cpp,derived,derived_metric,execution_efficiency,g++,clang++,1552467.133121,1047918.714161,-504548.41896,-32.499781,,higher_is_better,g++
column_sum.cpp,derived,derived_metric,frontend_stall_ratio,g++,clang++,0.236518,0.012285,-0.224233,-94.805892,,lower_is_better,clang++
column_sum.cpp,derived,derived_metric,ipc,g++,clang++,0.288093,0.189695,-0.098398,-34.154943,,higher_is_better,g++
column_sum.cpp,derived,derived_metric,l1_mpki,g++,clang++,171.373673,282.1984,110.824727,64.668467,,lower_is_better,g++
column_sum.cpp,derived,derived_metric,l2_mpki,g++,clang++,70.501488,77.853473,7.351985,10.428127,,lower_is_better,g++
column_sum.cpp,derived,derived_metric,memory_intensity,g++,clang++,0.352988,0.550362,0.197374,55.915215,,lower_is_better,g++
indirect_index.cpp,standard,metric,amd_l2_ic_dc_miss_in_l2,g++,clang++,12483050.0,14025803.0,1542753.0,12.358783,misses,lower_is_better,g++
indirect_index.cpp,standard,metric,branch_instructions,g++,clang++,36476731.0,11424482.0,-25052249.0,-68.680083,branches,lower_is_better,clang++
indirect_index.cpp,standard,metric,branch_mispredictions,g++,clang++,10739.0,10339.0,-400.0,-3.724742,misses,lower_is_better,clang++
indirect_index.cpp,standard,metric,branch_miss_rate_pct,g++,clang++,0.0294,0.0905,0.0611,207.823129,%,lower_is_better,g++
indirect_index.cpp,standard,metric,cache_miss_rate_pct,g++,clang++,15.3632,18.4471,3.0839,20.073292,%,lower_is_better,g++
indirect_index.cpp,standard,metric,cache_misses,g++,clang++,12316269.0,14089182.0,1772913.0,14.394887,misses,lower_is_better,g++
indirect_index.cpp,standard,metric,cache_references,g++,clang++,80167502.0,76375998.0,-3791504.0,-4.729478,references,lower_is_better,clang++
indirect_index.cpp,standard,metric,cpu_cycles,g++,clang++,94694285.0,89678538.0,-5015747.0,-5.296779,cycles,lower_is_better,clang++
indirect_index.cpp,standard,metric,dtlb_load_misses,g++,clang++,220285.0,388772.0,168487.0,76.485916,misses,lower_is_better,g++
indirect_index.cpp,standard,metric,execution_time_ms,g++,clang++,17.1296,16.716,-0.4136,-2.414534,ms,lower_is_better,clang++
indirect_index.cpp,standard,metric,frontend_stall_cycles,g++,clang++,49806953.0,3032009.0,-46774944.0,-93.912478,cycles,lower_is_better,clang++
indirect_index.cpp,standard,metric,frontend_stall_ratio_pct,g++,clang++,52.5976,3.381,-49.2166,-93.57195,%,lower_is_better,clang++
indirect_index.cpp,standard,metric,instruction_count,g++,clang++,253844697.0,176334290.0,-77510407.0,-30.534578,instructions,lower_is_better,clang++
indirect_index.cpp,standard,metric,ipc,g++,clang++,2.6807,1.9663,-0.7144,-26.649756,insn/cycle,higher_is_better,g++
indirect_index.cpp,standard,metric,itlb_load_misses,g++,clang++,300.0,291.0,-9.0,-3.0,misses,lower_is_better,clang++
indirect_index.cpp,standard,metric,l1_cache_misses,g++,clang++,36455317.0,36264827.0,-190490.0,-0.52253,misses,lower_is_better,clang++
indirect_index.cpp,standard,metric,l1_icache_misses,g++,clang++,71244.0,74643.0,3399.0,4.770928,misses,lower_is_better,g++
indirect_index.cpp,standard,metric,l2_cache_misses,g++,clang++,12483050.0,14025803.0,1542753.0,12.358783,misses,lower_is_better,g++
indirect_index.cpp,standard,metric,l2_per_l1_miss_pct,g++,clang++,34.2421,38.6761,4.434,12.948972,%,lower_is_better,g++
indirect_index.cpp,standard,metric,ref_cycles,g++,clang++,65807153.0,61769639.0,-4037514.0,-6.135373,cycles,lower_is_better,clang++
indirect_index.cpp,derived,metric,amd_l2_ic_dc_miss_in_l2,g++,clang++,12483050.0,14025803.0,1542753.0,12.358783,misses,lower_is_better,g++
indirect_index.cpp,derived,metric,branch_instructions,g++,clang++,36476731.0,11424482.0,-25052249.0,-68.680083,branches,lower_is_better,clang++
indirect_index.cpp,derived,metric,branch_mispredictions,g++,clang++,10739.0,10339.0,-400.0,-3.724742,misses,lower_is_better,clang++
indirect_index.cpp,derived,metric,branch_miss_rate_pct,g++,clang++,0.0294,0.0905,0.0611,207.823129,%,lower_is_better,g++
indirect_index.cpp,derived,metric,cache_miss_rate_pct,g++,clang++,15.3632,18.4471,3.0839,20.073292,%,lower_is_better,g++
indirect_index.cpp,derived,metric,cache_misses,g++,clang++,12316269.0,14089182.0,1772913.0,14.394887,misses,lower_is_better,g++
indirect_index.cpp,derived,metric,cache_references,g++,clang++,80167502.0,76375998.0,-3791504.0,-4.729478,references,lower_is_better,clang++
indirect_index.cpp,derived,metric,cpu_cycles,g++,clang++,94694285.0,89678538.0,-5015747.0,-5.296779,cycles,lower_is_better,clang++
indirect_index.cpp,derived,metric,dtlb_load_misses,g++,clang++,220285.0,388772.0,168487.0,76.485916,misses,lower_is_better,g++
indirect_index.cpp,derived,metric,execution_time_ms,g++,clang++,17.1296,16.716,-0.4136,-2.414534,ms,lower_is_better,clang++
indirect_index.cpp,derived,metric,frontend_stall_cycles,g++,clang++,49806953.0,3032009.0,-46774944.0,-93.912478,cycles,lower_is_better,clang++
indirect_index.cpp,derived,metric,frontend_stall_ratio_pct,g++,clang++,52.5976,3.381,-49.2166,-93.57195,%,lower_is_better,clang++
indirect_index.cpp,derived,metric,instruction_count,g++,clang++,253844697.0,176334290.0,-77510407.0,-30.534578,instructions,lower_is_better,clang++
indirect_index.cpp,derived,metric,ipc,g++,clang++,2.6807,1.9663,-0.7144,-26.649756,insn/cycle,higher_is_better,g++
indirect_index.cpp,derived,metric,itlb_load_misses,g++,clang++,300.0,291.0,-9.0,-3.0,misses,lower_is_better,clang++
indirect_index.cpp,derived,metric,l1_cache_misses,g++,clang++,36455317.0,36264827.0,-190490.0,-0.52253,misses,lower_is_better,clang++
indirect_index.cpp,derived,metric,l1_icache_misses,g++,clang++,71244.0,74643.0,3399.0,4.770928,misses,lower_is_better,g++
indirect_index.cpp,derived,metric,l2_cache_misses,g++,clang++,12483050.0,14025803.0,1542753.0,12.358783,misses,lower_is_better,g++
indirect_index.cpp,derived,metric,l2_per_l1_miss_pct,g++,clang++,34.2421,38.6761,4.434,12.948972,%,lower_is_better,g++
indirect_index.cpp,derived,metric,ref_cycles,g++,clang++,65807153.0,61769639.0,-4037514.0,-6.135373,cycles,lower_is_better,clang++
indirect_index.cpp,derived,derived_metric,branch_miss_rate,g++,clang++,0.000294,0.000905,0.000611,207.823129,,lower_is_better,g++
indirect_index.cpp,derived,derived_metric,branch_mpki,g++,clang++,0.042305,0.058633,0.016328,38.595911,,lower_is_better,g++
indirect_index.cpp,derived,derived_metric,cache_miss_rate,g++,clang++,0.153632,0.184471,0.030839,20.073292,,lower_is_better,g++
indirect_index.cpp,derived,derived_metric,cpi,g++,clang++,0.37304,0.508571,0.135531,36.331493,,lower_is_better,g++
indirect_index.cpp,derived,derived_metric,execution_efficiency,g++,clang++,14819067.403792,10548832.85475,-4270234.549042,-28.815812,,higher_is_better,g++
indirect_index.cpp,derived,derived_metric,frontend_stall_ratio,g++,clang++,0.525976,0.03381,-0.492166,-93.57195,,lower_is_better,clang++
indirect_index.cpp,derived,derived_metric,ipc,g++,clang++,2.680676,1.966293,-0.714383,-26.64936,,higher_is_better,g++
indirect_index.cpp,derived,derived_metric,l1_mpki,g++,clang++,143.612679,205.659529,62.04685,43.204298,,lower_is_better,g++
indirect_index.cpp,derived,derived_metric,l2_mpki,g++,clang++,49.175934,79.540984,30.36505,61.747785,,lower_is_better,g++
indirect_index.cpp,derived,derived_metric,memory_intensity,g++,clang++,0.315813,0.433132,0.117319,37.148249,,lower_is_better,g++
prefix_sum.cpp,standard,metric,amd_l2_ic_dc_miss_in_l2,g++,clang++,320478.0,305052.0,-15426.0,-4.813435,misses,lower_is_better,clang++
prefix_sum.cpp,standard,metric,branch_instructions,g++,clang++,71355224.0,27477243.0,-43877981.0,-61.492318,branches,lower_is_better,clang++
prefix_sum.cpp,standard,metric,branch_mispredictions,g++,clang++,16757.0,14917.0,-1840.0,-10.980486,misses,lower_is_better,clang++
prefix_sum.cpp,standard,metric,branch_miss_rate_pct,g++,clang++,0.0235,0.0543,0.0308,131.06383,%,lower_is_better,g++
prefix_sum.cpp,standard,metric,cache_miss_rate_pct,g++,clang++,2.0282,2.1544,0.1262,6.222266,%,lower_is_better,g++
prefix_sum.cpp,standard,metric,cache_misses,g++,clang++,200790.0,209904.0,9114.0,4.539071,misses,lower_is_better,g++
prefix_sum.cpp,standard,metric,cache_references,g++,clang++,9900119.0,9743071.0,-157048.0,-1.586324,references,lower_is_better,clang++
prefix_sum.cpp,standard,metric,cpu_cycles,g++,clang++,153702075.0,152525161.0,-1176914.0,-0.765711,cycles,lower_is_better,clang++
prefix_sum.cpp,standard,metric,dtlb_load_misses,g++,clang++,30290.0,31998.0,1708.0,5.638825,misses,lower_is_better,g++
prefix_sum.cpp,standard,metric,execution_time_ms,g++,clang++,28.1802,28.0918,-0.0884,-0.313695,ms,lower_is_better,clang++
prefix_sum.cpp,standard,metric,frontend_stall_cycles,g++,clang++,5055568.0,3711863.0,-1343705.0,-26.578715,cycles,lower_is_better,clang++
prefix_sum.cpp,standard,metric,frontend_stall_ratio_pct,g++,clang++,3.2892,2.4336,-0.8556,-26.012404,%,lower_is_better,clang++
prefix_sum.cpp,standard,metric,instruction_count,g++,clang++,428954125.0,295841027.0,-133113098.0,-31.032013,instructions,lower_is_better,clang++
prefix_sum.cpp,standard,metric,ipc,g++,clang++,2.7908,1.9396,-0.8512,-30.500215,insn/cycle,higher_is_better,g++
prefix_sum.cpp,standard,metric,itlb_load_misses,g++,clang++,223.0,261.0,38.0,17.040359,misses,lower_is_better,g++
prefix_sum.cpp,standard,metric,l1_cache_misses,g++,clang++,4821244.0,4820499.0,-745.0,-0.015452,misses,lower_is_better,clang++
prefix_sum.cpp,standard,metric,l1_icache_misses,g++,clang++,123156.0,83405.0,-39751.0,-32.27695,misses,lower_is_better,clang++
prefix_sum.cpp,standard,metric,l2_cache_misses,g++,clang++,320478.0,305052.0,-15426.0,-4.813435,misses,lower_is_better,clang++
prefix_sum.cpp,standard,metric,l2_per_l1_miss_pct,g++,clang++,6.6472,6.3282,-0.319,-4.799013,%,lower_is_better,clang++
prefix_sum.cpp,standard,metric,ref_cycles,g++,clang++,105881433.0,105081874.0,-799559.0,-0.755146,cycles,lower_is_better,clang++
prefix_sum.cpp,derived,metric,amd_l2_ic_dc_miss_in_l2,g++,clang++,320478.0,305052.0,-15426.0,-4.813435,misses,lower_is_better,clang++
prefix_sum.cpp,derived,metric,branch_instructions,g++,clang++,71355224.0,27477243.0,-43877981.0,-61.492318,branches,lower_is_better,clang++
prefix_sum.cpp,derived,metric,branch_mispredictions,g++,clang++,16757.0,14917.0,-1840.0,-10.980486,misses,lower_is_better,clang++
prefix_sum.cpp,derived,metric,branch_miss_rate_pct,g++,clang++,0.0235,0.0543,0.0308,131.06383,%,lower_is_better,g++
prefix_sum.cpp,derived,metric,cache_miss_rate_pct,g++,clang++,2.0282,2.1544,0.1262,6.222266,%,lower_is_better,g++
prefix_sum.cpp,derived,metric,cache_misses,g++,clang++,200790.0,209904.0,9114.0,4.539071,misses,lower_is_better,g++
prefix_sum.cpp,derived,metric,cache_references,g++,clang++,9900119.0,9743071.0,-157048.0,-1.586324,references,lower_is_better,clang++
prefix_sum.cpp,derived,metric,cpu_cycles,g++,clang++,153702075.0,152525161.0,-1176914.0,-0.765711,cycles,lower_is_better,clang++
prefix_sum.cpp,derived,metric,dtlb_load_misses,g++,clang++,30290.0,31998.0,1708.0,5.638825,misses,lower_is_better,g++
prefix_sum.cpp,derived,metric,execution_time_ms,g++,clang++,28.1802,28.0918,-0.0884,-0.313695,ms,lower_is_better,clang++
prefix_sum.cpp,derived,metric,frontend_stall_cycles,g++,clang++,5055568.0,3711863.0,-1343705.0,-26.578715,cycles,lower_is_better,clang++
prefix_sum.cpp,derived,metric,frontend_stall_ratio_pct,g++,clang++,3.2892,2.4336,-0.8556,-26.012404,%,lower_is_better,clang++
prefix_sum.cpp,derived,metric,instruction_count,g++,clang++,428954125.0,295841027.0,-133113098.0,-31.032013,instructions,lower_is_better,clang++
prefix_sum.cpp,derived,metric,ipc,g++,clang++,2.7908,1.9396,-0.8512,-30.500215,insn/cycle,higher_is_better,g++
prefix_sum.cpp,derived,metric,itlb_load_misses,g++,clang++,223.0,261.0,38.0,17.040359,misses,lower_is_better,g++
prefix_sum.cpp,derived,metric,l1_cache_misses,g++,clang++,4821244.0,4820499.0,-745.0,-0.015452,misses,lower_is_better,clang++
prefix_sum.cpp,derived,metric,l1_icache_misses,g++,clang++,123156.0,83405.0,-39751.0,-32.27695,misses,lower_is_better,clang++
prefix_sum.cpp,derived,metric,l2_cache_misses,g++,clang++,320478.0,305052.0,-15426.0,-4.813435,misses,lower_is_better,clang++
prefix_sum.cpp,derived,metric,l2_per_l1_miss_pct,g++,clang++,6.6472,6.3282,-0.319,-4.799013,%,lower_is_better,clang++
prefix_sum.cpp,derived,metric,ref_cycles,g++,clang++,105881433.0,105081874.0,-799559.0,-0.755146,cycles,lower_is_better,clang++
prefix_sum.cpp,derived,derived_metric,branch_miss_rate,g++,clang++,0.000235,0.000543,0.000308,131.06383,,lower_is_better,g++
prefix_sum.cpp,derived,derived_metric,branch_mpki,g++,clang++,0.039065,0.050422,0.011357,29.072059,,lower_is_better,g++
prefix_sum.cpp,derived,derived_metric,cache_miss_rate,g++,clang++,0.020282,0.021544,0.001262,6.222266,,lower_is_better,g++
prefix_sum.cpp,derived,derived_metric,cpi,g++,clang++,0.358318,0.515565,0.157247,43.884762,,lower_is_better,g++
prefix_sum.cpp,derived,derived_metric,execution_efficiency,g++,clang++,15221826.850058,10531223.595498,-4690603.25456,-30.814982,,higher_is_better,g++
prefix_sum.cpp,derived,derived_metric,frontend_stall_ratio,g++,clang++,0.032892,0.024336,-0.008556,-26.012404,,lower_is_better,clang++
prefix_sum.cpp,derived,derived_metric,ipc,g++,clang++,2.790815,1.939621,-0.851194,-30.499836,,higher_is_better,g++
prefix_sum.cpp,derived,derived_metric,l1_mpki,g++,clang++,11.239533,16.294221,5.054688,44.972402,,lower_is_better,g++
prefix_sum.cpp,derived,derived_metric,l2_mpki,g++,clang++,0.747115,1.031135,0.28402,38.015567,,lower_is_better,g++
prefix_sum.cpp,derived,derived_metric,memory_intensity,g++,clang++,0.02308,0.032933,0.009853,42.690641,,lower_is_better,g++
rolling_hash.cpp,standard,metric,amd_l2_ic_dc_miss_in_l2,g++,clang++,178029.0,194445.0,16416.0,9.22097,misses,lower_is_better,g++
rolling_hash.cpp,standard,metric,branch_instructions,g++,clang++,111729332.0,34408360.0,-77320972.0,-69.203826,branches,lower_is_better,clang++
rolling_hash.cpp,standard,metric,branch_mispredictions,g++,clang++,6471589.0,12945.0,-6458644.0,-99.799972,misses,lower_is_better,clang++
rolling_hash.cpp,standard,metric,branch_miss_rate_pct,g++,clang++,5.7922,0.0376,-5.7546,-99.350851,%,lower_is_better,clang++
rolling_hash.cpp,standard,metric,cache_miss_rate_pct,g++,clang++,6.2047,8.135,1.9303,31.110287,%,lower_is_better,g++
rolling_hash.cpp,standard,metric,cache_misses,g++,clang++,169921.0,224005.0,54084.0,31.828909,misses,lower_is_better,g++
rolling_hash.cpp,standard,metric,cache_references,g++,clang++,2738566.0,2753610.0,15044.0,0.549339,references,lower_is_better,g++
rolling_hash.cpp,standard,metric,cpu_cycles,g++,clang++,245129418.0,278487487.0,33358069.0,13.60835,cycles,lower_is_better,g++
rolling_hash.cpp,standard,metric,dtlb_load_misses,g++,clang++,14711.0,14805.0,94.0,0.638978,misses,lower_is_better,g++
rolling_hash.cpp,standard,metric,execution_time_ms,g++,clang++,46.241,50.3064,4.0654,8.791765,ms,lower_is_better,g++
rolling_hash.cpp,standard,metric,frontend_stall_cycles,g++,clang++,68519518.0,5344878.0,-63174640.0,-92.199481,cycles,lower_is_better,clang++
rolling_hash.cpp,standard,metric,frontend_stall_ratio_pct,g++,clang++,27.9524,1.9193,-26.0331,-93.133684,%,lower_is_better,clang++
rolling_hash.cpp,standard,metric,instruction_count,g++,clang++,465191949.0,532227724.0,67035775.0,14.410347,instructions,lower_is_better,g++
rolling_hash.cpp,standard,metric,ipc,g++,clang++,1.8977,1.9111,0.0134,0.706118,insn/cycle,higher_is_better,clang++
rolling_hash.cpp,standard,metric,itlb_load_misses,g++,clang++,292.0,293.0,1.0,0.342466,misses,lower_is_better,g++
rolling_hash.cpp,standard,metric,l1_cache_misses,g++,clang++,1272906.0,1267270.0,-5636.0,-0.442766,misses,lower_is_better,clang++
rolling_hash.cpp,standard,metric,l1_icache_misses,g++,clang++,59416.0,87372.0,27956.0,47.051299,misses,lower_is_better,g++
rolling_hash.cpp,standard,metric,l2_cache_misses,g++,clang++,178029.0,194445.0,16416.0,9.22097,misses,lower_is_better,g++
rolling_hash.cpp,standard,metric,l2_per_l1_miss_pct,g++,clang++,13.986,15.3436,1.3576,9.70685,%,lower_is_better,g++
rolling_hash.cpp,standard,metric,ref_cycles,g++,clang++,168270427.0,191571277.0,23300850.0,13.847264,cycles,lower_is_better,g++
rolling_hash.cpp,derived,metric,amd_l2_ic_dc_miss_in_l2,g++,clang++,178029.0,194445.0,16416.0,9.22097,misses,lower_is_better,g++
rolling_hash.cpp,derived,metric,branch_instructions,g++,clang++,111729332.0,34408360.0,-77320972.0,-69.203826,branches,lower_is_better,clang++
rolling_hash.cpp,derived,metric,branch_mispredictions,g++,clang++,6471589.0,12945.0,-6458644.0,-99.799972,misses,lower_is_better,clang++
rolling_hash.cpp,derived,metric,branch_miss_rate_pct,g++,clang++,5.7922,0.0376,-5.7546,-99.350851,%,lower_is_better,clang++
rolling_hash.cpp,derived,metric,cache_miss_rate_pct,g++,clang++,6.2047,8.135,1.9303,31.110287,%,lower_is_better,g++
rolling_hash.cpp,derived,metric,cache_misses,g++,clang++,169921.0,224005.0,54084.0,31.828909,misses,lower_is_better,g++
rolling_hash.cpp,derived,metric,cache_references,g++,clang++,2738566.0,2753610.0,15044.0,0.549339,references,lower_is_better,g++
rolling_hash.cpp,derived,metric,cpu_cycles,g++,clang++,245129418.0,278487487.0,33358069.0,13.60835,cycles,lower_is_better,g++
rolling_hash.cpp,derived,metric,dtlb_load_misses,g++,clang++,14711.0,14805.0,94.0,0.638978,misses,lower_is_better,g++
rolling_hash.cpp,derived,metric,execution_time_ms,g++,clang++,46.241,50.3064,4.0654,8.791765,ms,lower_is_better,g++
rolling_hash.cpp,derived,metric,frontend_stall_cycles,g++,clang++,68519518.0,5344878.0,-63174640.0,-92.199481,cycles,lower_is_better,clang++
rolling_hash.cpp,derived,metric,frontend_stall_ratio_pct,g++,clang++,27.9524,1.9193,-26.0331,-93.133684,%,lower_is_better,clang++
rolling_hash.cpp,derived,metric,instruction_count,g++,clang++,465191949.0,532227724.0,67035775.0,14.410347,instructions,lower_is_better,g++
rolling_hash.cpp,derived,metric,ipc,g++,clang++,1.8977,1.9111,0.0134,0.706118,insn/cycle,higher_is_better,clang++
rolling_hash.cpp,derived,metric,itlb_load_misses,g++,clang++,292.0,293.0,1.0,0.342466,misses,lower_is_better,g++
rolling_hash.cpp,derived,metric,l1_cache_misses,g++,clang++,1272906.0,1267270.0,-5636.0,-0.442766,misses,lower_is_better,clang++
rolling_hash.cpp,derived,metric,l1_icache_misses,g++,clang++,59416.0,87372.0,27956.0,47.051299,misses,lower_is_better,g++
rolling_hash.cpp,derived,metric,l2_cache_misses,g++,clang++,178029.0,194445.0,16416.0,9.22097,misses,lower_is_better,g++
rolling_hash.cpp,derived,metric,l2_per_l1_miss_pct,g++,clang++,13.986,15.3436,1.3576,9.70685,%,lower_is_better,g++
rolling_hash.cpp,derived,metric,ref_cycles,g++,clang++,168270427.0,191571277.0,23300850.0,13.847264,cycles,lower_is_better,g++
rolling_hash.cpp,derived,derived_metric,branch_miss_rate,g++,clang++,0.057922,0.000376,-0.057546,-99.350851,,lower_is_better,clang++
rolling_hash.cpp,derived,derived_metric,branch_mpki,g++,clang++,13.911653,0.024322,-13.887331,-99.825168,,lower_is_better,clang++
rolling_hash.cpp,derived,derived_metric,cache_miss_rate,g++,clang++,0.062047,0.08135,0.019303,31.110287,,lower_is_better,g++
rolling_hash.cpp,derived,derived_metric,cpi,g++,clang++,0.526943,0.523249,-0.003694,-0.701025,,lower_is_better,clang++
rolling_hash.cpp,derived,derived_metric,execution_efficiency,g++,clang++,10060161.95584,10579721.943928,519559.988088,5.164529,,higher_is_better,clang++
rolling_hash.cpp,derived,derived_metric,frontend_stall_ratio,g++,clang++,0.279524,0.019193,-0.260331,-93.133684,,lower_is_better,clang++
rolling_hash.cpp,derived,derived_metric,ipc,g++,clang++,1.89774,1.911137,0.013397,0.705945,,higher_is_better,clang++
rolling_hash.cpp,derived,derived_metric,l1_mpki,g++,clang++,2.736303,2.381067,-0.355236,-12.982334,,lower_is_better,clang++
rolling_hash.cpp,derived,derived_metric,l2_mpki,g++,clang++,0.3827,0.365342,-0.017358,-4.535668,,lower_is_better,clang++
rolling_hash.cpp,derived,derived_metric,memory_intensity,g++,clang++,0.005887,0.005174,-0.000713,-12.111432,,lower_is_better,clang++
row_sum.cpp,standard,metric,amd_l2_ic_dc_miss_in_l2,g++,clang++,314753.0,219291.0,-95462.0,-30.329179,misses,lower_is_better,clang++
row_sum.cpp,standard,metric,branch_instructions,g++,clang++,37876022.0,13386464.0,-24489558.0,-64.657154,branches,lower_is_better,clang++
row_sum.cpp,standard,metric,branch_mispredictions,g++,clang++,45662.0,31770.0,-13892.0,-30.423547,misses,lower_is_better,clang++
row_sum.cpp,standard,metric,branch_miss_rate_pct,g++,clang++,0.1206,0.2373,0.1167,96.766169,%,lower_is_better,g++
row_sum.cpp,standard,metric,cache_miss_rate_pct,g++,clang++,5.1569,3.2389,-1.918,-37.192887,%,lower_is_better,clang++
row_sum.cpp,standard,metric,cache_misses,g++,clang++,288068.0,179697.0,-108371.0,-37.619937,misses,lower_is_better,clang++
row_sum.cpp,standard,metric,cache_references,g++,clang++,5586031.0,5548071.0,-37960.0,-0.679552,references,lower_is_better,clang++
row_sum.cpp,standard,metric,cpu_cycles,g++,clang++,99175031.0,93816242.0,-5358789.0,-5.403365,cycles,lower_is_better,clang++
row_sum.cpp,standard,metric,dtlb_load_misses,g++,clang++,24763.0,27256.0,2493.0,10.067439,misses,lower_is_better,g++
row_sum.cpp,standard,metric,execution_time_ms,g++,clang++,17.5782,17.0374,-0.5408,-3.076538,ms,lower_is_better,clang++
row_sum.cpp,standard,metric,frontend_stall_cycles,g++,clang++,4447969.0,3907383.0,-540586.0,-12.153547,cycles,lower_is_better,clang++
row_sum.cpp,standard,metric,frontend_stall_ratio_pct,g++,clang++,4.485,4.1649,-0.3201,-7.137124,%,lower_is_better,clang++
row_sum.cpp,standard,metric,instruction_count,g++,clang++,230299850.0,161109712.0,-69190138.0,-30.043501,instructions,lower_is_better,clang++
row_sum.cpp,standard,metric,ipc,g++,clang++,2.3222,1.7173,-0.6049,-26.048575,insn/cycle,higher_is_better,g++
row_sum.cpp,standard,metric,itlb_load_misses,g++,clang++,286.0,303.0,17.0,5.944056,misses,lower_is_better,g++
row_sum.cpp,standard,metric,l1_cache_misses,g++,clang++,2729698.0,2717581.0,-12117.0,-0.443895,misses,lower_is_better,clang++
row_sum.cpp,standard,metric,l1_icache_misses,g++,clang++,81483.0,76348.0,-5135.0,-6.301928,misses,lower_is_better,clang++
row_sum.cpp,standard,metric,l2_cache_misses,g++,clang++,314753.0,219291.0,-95462.0,-30.329179,misses,lower_is_better,clang++
row_sum.cpp,standard,metric,l2_per_l1_miss_pct,g++,clang++,11.5307,8.0693,-3.4614,-30.018993,%,lower_is_better,clang++
row_sum.cpp,standard,metric,ref_cycles,g++,clang++,68435274.0,64269474.0,-4165800.0,-6.087212,cycles,lower_is_better,clang++
row_sum.cpp,derived,metric,amd_l2_ic_dc_miss_in_l2,g++,clang++,314753.0,219291.0,-95462.0,-30.329179,misses,lower_is_better,clang++
row_sum.cpp,derived,metric,branch_instructions,g++,clang++,37876022.0,13386464.0,-24489558.0,-64.657154,branches,lower_is_better,clang++
row_sum.cpp,derived,metric,branch_mispredictions,g++,clang++,45662.0,31770.0,-13892.0,-30.423547,misses,lower_is_better,clang++
row_sum.cpp,derived,metric,branch_miss_rate_pct,g++,clang++,0.1206,0.2373,0.1167,96.766169,%,lower_is_better,g++
row_sum.cpp,derived,metric,cache_miss_rate_pct,g++,clang++,5.1569,3.2389,-1.918,-37.192887,%,lower_is_better,clang++
row_sum.cpp,derived,metric,cache_misses,g++,clang++,288068.0,179697.0,-108371.0,-37.619937,misses,lower_is_better,clang++
row_sum.cpp,derived,metric,cache_references,g++,clang++,5586031.0,5548071.0,-37960.0,-0.679552,references,lower_is_better,clang++
row_sum.cpp,derived,metric,cpu_cycles,g++,clang++,99175031.0,93816242.0,-5358789.0,-5.403365,cycles,lower_is_better,clang++
row_sum.cpp,derived,metric,dtlb_load_misses,g++,clang++,24763.0,27256.0,2493.0,10.067439,misses,lower_is_better,g++
row_sum.cpp,derived,metric,execution_time_ms,g++,clang++,17.5782,17.0374,-0.5408,-3.076538,ms,lower_is_better,clang++
row_sum.cpp,derived,metric,frontend_stall_cycles,g++,clang++,4447969.0,3907383.0,-540586.0,-12.153547,cycles,lower_is_better,clang++
row_sum.cpp,derived,metric,frontend_stall_ratio_pct,g++,clang++,4.485,4.1649,-0.3201,-7.137124,%,lower_is_better,clang++
row_sum.cpp,derived,metric,instruction_count,g++,clang++,230299850.0,161109712.0,-69190138.0,-30.043501,instructions,lower_is_better,clang++
row_sum.cpp,derived,metric,ipc,g++,clang++,2.3222,1.7173,-0.6049,-26.048575,insn/cycle,higher_is_better,g++
row_sum.cpp,derived,metric,itlb_load_misses,g++,clang++,286.0,303.0,17.0,5.944056,misses,lower_is_better,g++
row_sum.cpp,derived,metric,l1_cache_misses,g++,clang++,2729698.0,2717581.0,-12117.0,-0.443895,misses,lower_is_better,clang++
row_sum.cpp,derived,metric,l1_icache_misses,g++,clang++,81483.0,76348.0,-5135.0,-6.301928,misses,lower_is_better,clang++
row_sum.cpp,derived,metric,l2_cache_misses,g++,clang++,314753.0,219291.0,-95462.0,-30.329179,misses,lower_is_better,clang++
row_sum.cpp,derived,metric,l2_per_l1_miss_pct,g++,clang++,11.5307,8.0693,-3.4614,-30.018993,%,lower_is_better,clang++
row_sum.cpp,derived,metric,ref_cycles,g++,clang++,68435274.0,64269474.0,-4165800.0,-6.087212,cycles,lower_is_better,clang++
row_sum.cpp,derived,derived_metric,branch_miss_rate,g++,clang++,0.001206,0.002373,0.001167,96.766169,,lower_is_better,g++
row_sum.cpp,derived,derived_metric,branch_mpki,g++,clang++,0.198272,0.197195,-0.001077,-0.543193,,lower_is_better,clang++
row_sum.cpp,derived,derived_metric,cache_miss_rate,g++,clang++,0.051569,0.032389,-0.01918,-37.192887,,lower_is_better,clang++
row_sum.cpp,derived,derived_metric,cpi,g++,clang++,0.430634,0.582313,0.151679,35.222254,,lower_is_better,g++
row_sum.cpp,derived,derived_metric,execution_efficiency,g++,clang++,13101446.678272,9456238.158404,-3645208.519868,-27.822947,,higher_is_better,g++
row_sum.cpp,derived,derived_metric,frontend_stall_ratio,g++,clang++,0.04485,0.041649,-0.003201,-7.137124,,lower_is_better,clang++
row_sum.cpp,derived,derived_metric,ipc,g++,clang++,2.322156,1.71729,-0.604866,-26.047604,,higher_is_better,g++
row_sum.cpp,derived,derived_metric,l1_mpki,g++,clang++,11.8528,16.867891,5.015091,42.311445,,lower_is_better,g++
row_sum.cpp,derived,derived_metric,l2_mpki,g++,clang++,1.36671,1.361128,-0.005582,-0.408426,,lower_is_better,clang++
row_sum.cpp,derived,derived_metric,memory_intensity,g++,clang++,0.024255,0.034437,0.010182,41.978973,,lower_is_better,g++
small_sort.cpp,standard,metric,amd_l2_ic_dc_miss_in_l2,g++,clang++,109142.0,272405.0,163263.0,149.587693,misses,lower_is_better,g++
small_sort.cpp,standard,metric,branch_instructions,g++,clang++,160318517.0,169514890.0,9196373.0,5.736314,branches,lower_is_better,g++
small_sort.cpp,standard,metric,branch_mispredictions,g++,clang++,9026714.0,8751693.0,-275021.0,-3.046745,misses,lower_is_better,clang++
small_sort.cpp,standard,metric,branch_miss_rate_pct,g++,clang++,5.6305,5.1628,-0.4677,-8.306545,%,lower_is_better,clang++
small_sort.cpp,standard,metric,cache_miss_rate_pct,g++,clang++,1.7429,2.4784,0.7355,42.199782,%,lower_is_better,g++
small_sort.cpp,standard,metric,cache_misses,g++,clang++,116156.0,221606.0,105450.0,90.783085,misses,lower_is_better,g++
small_sort.cpp,standard,metric,cache_references,g++,clang++,6664591.0,8941557.0,2276966.0,34.165127,references,lower_is_better,g++
small_sort.cpp,standard,metric,cpu_cycles,g++,clang++,418684301.0,376246853.0,-42437448.0,-10.135906,cycles,lower_is_better,clang++
small_sort.cpp,standard,metric,dtlb_load_misses,g++,clang++,3713.0,7508.0,3795.0,102.208457,misses,lower_is_better,g++
small_sort.cpp,standard,metric,execution_time_ms,g++,clang++,76.728,68.43,-8.298,-10.814826,ms,lower_is_better,clang++
small_sort.cpp,standard,metric,frontend_stall_cycles,g++,clang++,128976382.0,132282135.0,3305753.0,2.563068,cycles,lower_is_better,g++
small_sort.cpp,standard,metric,frontend_stall_ratio_pct,g++,clang++,30.8052,35.1583,4.3531,14.131056,%,lower_is_better,g++
small_sort.cpp,standard,metric,instruction_count,g++,clang++,907309711.0,747690576.0,-159619135.0,-17.592574,instructions,lower_is_better,clang++
small_sort.cpp,standard,metric,ipc,g++,clang++,2.167,1.9872,-0.1798,-8.297185,insn/cycle,higher_is_better,g++
small_sort.cpp,standard,metric,itlb_load_misses,g++,clang++,269.0,309.0,40.0,14.869888,misses,lower_is_better,g++
small_sort.cpp,standard,metric,l1_cache_misses,g++,clang++,5247358.0,5325706.0,78348.0,1.493094,misses,lower_is_better,g++
small_sort.cpp,standard,metric,l1_icache_misses,g++,clang++,32638.0,31890.0,-748.0,-2.291807,misses,lower_is_better,clang++
small_sort.cpp,standard,metric,l2_cache_misses,g++,clang++,109142.0,272405.0,163263.0,149.587693,misses,lower_is_better,g++
small_sort.cpp,standard,metric,l2_per_l1_miss_pct,g++,clang++,2.0799,5.1149,3.035,145.920477,%,lower_is_better,g++
small_sort.cpp,standard,metric,ref_cycles,g++,clang++,288510606.0,258441452.0,-30069154.0,-10.422201,cycles,lower_is_better,clang++
small_sort.cpp,derived,metric,amd_l2_ic_dc_miss_in_l2,g++,clang++,109142.0,272405.0,163263.0,149.587693,misses,lower_is_better,g++
small_sort.cpp,derived,metric,branch_instructions,g++,clang++,160318517.0,169514890.0,9196373.0,5.736314,branches,lower_is_better,g++
small_sort.cpp,derived,metric,branch_mispredictions,g++,clang++,9026714.0,8751693.0,-275021.0,-3.046745,misses,lower_is_better,clang++
small_sort.cpp,derived,metric,branch_miss_rate_pct,g++,clang++,5.6305,5.1628,-0.4677,-8.306545,%,lower_is_better,clang++
small_sort.cpp,derived,metric,cache_miss_rate_pct,g++,clang++,1.7429,2.4784,0.7355,42.199782,%,lower_is_better,g++
small_sort.cpp,derived,metric,cache_misses,g++,clang++,116156.0,221606.0,105450.0,90.783085,misses,lower_is_better,g++
small_sort.cpp,derived,metric,cache_references,g++,clang++,6664591.0,8941557.0,2276966.0,34.165127,references,lower_is_better,g++
small_sort.cpp,derived,metric,cpu_cycles,g++,clang++,418684301.0,376246853.0,-42437448.0,-10.135906,cycles,lower_is_better,clang++
small_sort.cpp,derived,metric,dtlb_load_misses,g++,clang++,3713.0,7508.0,3795.0,102.208457,misses,lower_is_better,g++
small_sort.cpp,derived,metric,execution_time_ms,g++,clang++,76.728,68.43,-8.298,-10.814826,ms,lower_is_better,clang++
small_sort.cpp,derived,metric,frontend_stall_cycles,g++,clang++,128976382.0,132282135.0,3305753.0,2.563068,cycles,lower_is_better,g++
small_sort.cpp,derived,metric,frontend_stall_ratio_pct,g++,clang++,30.8052,35.1583,4.3531,14.131056,%,lower_is_better,g++
small_sort.cpp,derived,metric,instruction_count,g++,clang++,907309711.0,747690576.0,-159619135.0,-17.592574,instructions,lower_is_better,clang++
small_sort.cpp,derived,metric,ipc,g++,clang++,2.167,1.9872,-0.1798,-8.297185,insn/cycle,higher_is_better,g++
small_sort.cpp,derived,metric,itlb_load_misses,g++,clang++,269.0,309.0,40.0,14.869888,misses,lower_is_better,g++
small_sort.cpp,derived,metric,l1_cache_misses,g++,clang++,5247358.0,5325706.0,78348.0,1.493094,misses,lower_is_better,g++
small_sort.cpp,derived,metric,l1_icache_misses,g++,clang++,32638.0,31890.0,-748.0,-2.291807,misses,lower_is_better,clang++
small_sort.cpp,derived,metric,l2_cache_misses,g++,clang++,109142.0,272405.0,163263.0,149.587693,misses,lower_is_better,g++
small_sort.cpp,derived,metric,l2_per_l1_miss_pct,g++,clang++,2.0799,5.1149,3.035,145.920477,%,lower_is_better,g++
small_sort.cpp,derived,metric,ref_cycles,g++,clang++,288510606.0,258441452.0,-30069154.0,-10.422201,cycles,lower_is_better,clang++
small_sort.cpp,derived,derived_metric,branch_miss_rate,g++,clang++,0.056305,0.051628,-0.004677,-8.306545,,lower_is_better,clang++
small_sort.cpp,derived,derived_metric,branch_mpki,g++,clang++,9.948878,11.704966,1.756088,17.651116,,lower_is_better,g++
small_sort.cpp,derived,derived_metric,cache_miss_rate,g++,clang++,0.017429,0.024784,0.007355,42.199782,,lower_is_better,g++
small_sort.cpp,derived,derived_metric,cpi,g++,clang++,0.461457,0.503212,0.041755,9.048514,,lower_is_better,g++
small_sort.cpp,derived,derived_metric,execution_efficiency,g++,clang++,11825014.479721,10926356.510302,-898657.969419,-7.599635,,higher_is_better,g++
small_sort.cpp,derived,derived_metric,frontend_stall_ratio,g++,clang++,0.308052,0.351583,0.043531,14.131056,,lower_is_better,g++
small_sort.cpp,derived,derived_metric,ipc,g++,clang++,2.16705,1.987234,-0.179816,-8.297732,,higher_is_better,g++
small_sort.cpp,derived,derived_metric,l1_mpki,g++,clang++,5.783425,7.122874,1.339449,23.160134,,lower_is_better,g++
small_sort.cpp,derived,derived_metric,l2_mpki,g++,clang++,0.120292,0.364329,0.244037,202.870515,,lower_is_better,g++
small_sort.cpp,derived,derived_metric,memory_intensity,g++,clang++,0.007345,0.011959,0.004614,62.818244,,lower_is_better,g++
stencil_2d.cpp,standard,metric,amd_l2_ic_dc_miss_in_l2,g++,clang++,182458.0,160228.0,-22230.0,-12.183626,misses,lower_is_better,clang++
stencil_2d.cpp,standard,metric,branch_instructions,g++,clang++,15263260.0,15235560.0,-27700.0,-0.181482,branches,lower_is_better,clang++
stencil_2d.cpp,standard,metric,branch_mispredictions,g++,clang++,33463.0,31598.0,-1865.0,-5.57332,misses,lower_is_better,clang++
stencil_2d.cpp,standard,metric,branch_miss_rate_pct,g++,clang++,0.2192,0.2074,-0.0118,-5.383212,%,lower_is_better,clang++
stencil_2d.cpp,standard,metric,cache_miss_rate_pct,g++,clang++,3.5628,3.5928,0.03,0.842034,%,lower_is_better,g++
stencil_2d.cpp,standard,metric,cache_misses,g++,clang++,179177.0,190710.0,11533.0,6.436652,misses,lower_is_better,g++
stencil_2d.cpp,standard,metric,cache_references,g++,clang++,5029045.0,5308177.0,279132.0,5.550398,references,lower_is_better,g++
stencil_2d.cpp,standard,metric,cpu_cycles,g++,clang++,50900555.0,60169013.0,9268458.0,18.208953,cycles,lower_is_better,g++
stencil_2d.cpp,standard,metric,dtlb_load_misses,g++,clang++,10819.0,12263.0,1444.0,13.34689,misses,lower_is_better,g++
stencil_2d.cpp,standard,metric,execution_time_ms,g++,clang++,8.972,11.1506,2.1786,24.282211,ms,lower_is_better,g++
stencil_2d.cpp,standard,metric,frontend_stall_cycles,g++,clang++,3782414.0,14840071.0,11057657.0,292.343911,cycles,lower_is_better,g++
stencil_2d.cpp,standard,metric,frontend_stall_ratio_pct,g++,clang++,7.431,24.664,17.233,231.906877,%,lower_is_better,g++
stencil_2d.cpp,standard,metric,instruction_count,g++,clang++,199618525.0,199194138.0,-424387.0,-0.212599,instructions,lower_is_better,clang++
stencil_2d.cpp,standard,metric,ipc,g++,clang++,3.9217,3.3106,-0.6111,-15.582528,insn/cycle,higher_is_better,g++
stencil_2d.cpp,standard,metric,itlb_load_misses,g++,clang++,290.0,294.0,4.0,1.37931,misses,lower_is_better,g++
stencil_2d.cpp,standard,metric,l1_cache_misses,g++,clang++,1892997.0,1897899.0,4902.0,0.258954,misses,lower_is_better,g++
stencil_2d.cpp,standard,metric,l1_icache_misses,g++,clang++,47342.0,46051.0,-1291.0,-2.726965,misses,lower_is_better,clang++
stencil_2d.cpp,standard,metric,l2_cache_misses,g++,clang++,182458.0,160228.0,-22230.0,-12.183626,misses,lower_is_better,clang++
stencil_2d.cpp,standard,metric,l2_per_l1_miss_pct,g++,clang++,9.6386,8.4424,-1.1962,-12.410516,%,lower_is_better,clang++
stencil_2d.cpp,standard,metric,ref_cycles,g++,clang++,35034817.0,41491884.0,6457067.0,18.430429,cycles,lower_is_better,g++
stencil_2d.cpp,derived,metric,amd_l2_ic_dc_miss_in_l2,g++,clang++,182458.0,160228.0,-22230.0,-12.183626,misses,lower_is_better,clang++
stencil_2d.cpp,derived,metric,branch_instructions,g++,clang++,15263260.0,15235560.0,-27700.0,-0.181482,branches,lower_is_better,clang++
stencil_2d.cpp,derived,metric,branch_mispredictions,g++,clang++,33463.0,31598.0,-1865.0,-5.57332,misses,lower_is_better,clang++
stencil_2d.cpp,derived,metric,branch_miss_rate_pct,g++,clang++,0.2192,0.2074,-0.0118,-5.383212,%,lower_is_better,clang++
stencil_2d.cpp,derived,metric,cache_miss_rate_pct,g++,clang++,3.5628,3.5928,0.03,0.842034,%,lower_is_better,g++
stencil_2d.cpp,derived,metric,cache_misses,g++,clang++,179177.0,190710.0,11533.0,6.436652,misses,lower_is_better,g++
stencil_2d.cpp,derived,metric,cache_references,g++,clang++,5029045.0,5308177.0,279132.0,5.550398,references,lower_is_better,g++
stencil_2d.cpp,derived,metric,cpu_cycles,g++,clang++,50900555.0,60169013.0,9268458.0,18.208953,cycles,lower_is_better,g++
stencil_2d.cpp,derived,metric,dtlb_load_misses,g++,clang++,10819.0,12263.0,1444.0,13.34689,misses,lower_is_better,g++
stencil_2d.cpp,derived,metric,execution_time_ms,g++,clang++,8.972,11.1506,2.1786,24.282211,ms,lower_is_better,g++
stencil_2d.cpp,derived,metric,frontend_stall_cycles,g++,clang++,3782414.0,14840071.0,11057657.0,292.343911,cycles,lower_is_better,g++
stencil_2d.cpp,derived,metric,frontend_stall_ratio_pct,g++,clang++,7.431,24.664,17.233,231.906877,%,lower_is_better,g++
stencil_2d.cpp,derived,metric,instruction_count,g++,clang++,199618525.0,199194138.0,-424387.0,-0.212599,instructions,lower_is_better,clang++
stencil_2d.cpp,derived,metric,ipc,g++,clang++,3.9217,3.3106,-0.6111,-15.582528,insn/cycle,higher_is_better,g++
stencil_2d.cpp,derived,metric,itlb_load_misses,g++,clang++,290.0,294.0,4.0,1.37931,misses,lower_is_better,g++
stencil_2d.cpp,derived,metric,l1_cache_misses,g++,clang++,1892997.0,1897899.0,4902.0,0.258954,misses,lower_is_better,g++
stencil_2d.cpp,derived,metric,l1_icache_misses,g++,clang++,47342.0,46051.0,-1291.0,-2.726965,misses,lower_is_better,clang++
stencil_2d.cpp,derived,metric,l2_cache_misses,g++,clang++,182458.0,160228.0,-22230.0,-12.183626,misses,lower_is_better,clang++
stencil_2d.cpp,derived,metric,l2_per_l1_miss_pct,g++,clang++,9.6386,8.4424,-1.1962,-12.410516,%,lower_is_better,clang++
stencil_2d.cpp,derived,metric,ref_cycles,g++,clang++,35034817.0,41491884.0,6457067.0,18.430429,cycles,lower_is_better,g++
stencil_2d.cpp,derived,derived_metric,branch_miss_rate,g++,clang++,0.002192,0.002074,-0.000118,-5.383212,,lower_is_better,clang++
stencil_2d.cpp,derived,derived_metric,branch_mpki,g++,clang++,0.167635,0.158629,-0.009006,-5.372386,,lower_is_better,clang++
stencil_2d.cpp,derived,derived_metric,cache_miss_rate,g++,clang++,0.035628,0.035928,0.0003,0.842034,,lower_is_better,g++
stencil_2d.cpp,derived,derived_metric,cpi,g++,clang++,0.254989,0.302062,0.047073,18.460796,,lower_is_better,g++
stencil_2d.cpp,derived,derived_metric,execution_efficiency,g++,clang++,22249055.394561,17863983.821498,-4385071.573063,-19.709024,,higher_is_better,g++
stencil_2d.cpp,derived,derived_metric,frontend_stall_ratio,g++,clang++,0.07431,0.24664,0.17233,231.906877,,lower_is_better,g++
stencil_2d.cpp,derived,derived_metric,ipc,g++,clang++,3.921736,3.310577,-0.611159,-15.583889,,higher_is_better,g++
stencil_2d.cpp,derived,derived_metric,l1_mpki,g++,clang++,9.483073,9.527886,0.044813,0.472558,,lower_is_better,g++
stencil_2d.cpp,derived,derived_metric,l2_mpki,g++,clang++,0.914033,0.804381,-0.109652,-11.996503,,lower_is_better,clang++
stencil_2d.cpp,derived,derived_metric,memory_intensity,g++,clang++,0.025193,0.026648,0.001455,5.775414,,lower_is_better,g++
stride_access.cpp,standard,metric,amd_l2_ic_dc_miss_in_l2,g++,clang++,7958728.0,6539464.0,-1419264.0,-17.832799,misses,lower_is_better,clang++
stride_access.cpp,standard,metric,branch_instructions,g++,clang++,23158007.0,10103518.0,-13054489.0,-56.371384,branches,lower_is_better,clang++
stride_access.cpp,standard,metric,branch_mispredictions,g++,clang++,37778.0,24236.0,-13542.0,-35.84626,misses,lower_is_better,clang++
stride_access.cpp,standard,metric,branch_miss_rate_pct,g++,clang++,0.1631,0.2399,0.0768,47.087676,%,lower_is_better,g++
stride_access.cpp,standard,metric,cache_miss_rate_pct,g++,clang++,18.8004,14.5129,-4.2875,-22.805366,%,lower_is_better,clang++
stride_access.cpp,standard,metric,cache_misses,g++,clang++,8297991.0,6405898.0,-1892093.0,-22.80182,misses,lower_is_better,clang++
stride_access.cpp,standard,metric,cache_references,g++,clang++,44137422.0,44139233.0,1811.0,0.004103,references,lower_is_better,g++
stride_access.cpp,standard,metric,cpu_cycles,g++,clang++,420378524.0,422196226.0,1817702.0,0.432396,cycles,lower_is_better,g++
stride_access.cpp,standard,metric,dtlb_load_misses,g++,clang++,1025276.0,622716.0,-402560.0,-39.263574,misses,lower_is_better,clang++
stride_access.cpp,standard,metric,execution_time_ms,g++,clang++,77.2592,79.5908,2.3316,3.017893,ms,lower_is_better,g++
stride_access.cpp,standard,metric,frontend_stall_cycles,g++,clang++,17783925.0,6656120.0,-11127805.0,-62.572267,cycles,lower_is_better,clang++
stride_access.cpp,standard,metric,frontend_stall_ratio_pct,g++,clang++,4.2305,1.5765,-2.654,-62.734901,%,lower_is_better,clang++
stride_access.cpp,standard,metric,instruction_count,g++,clang++,136937090.0,90304106.0,-46632984.0,-34.054312,instructions,lower_is_better,clang++
stride_access.cpp,standard,metric,ipc,g++,clang++,0.3257,0.2139,-0.1118,-34.326067,insn/cycle,higher_is_better,g++
stride_access.cpp,standard,metric,itlb_load_misses,g++,clang++,277.0,318.0,41.0,14.801444,misses,lower_is_better,g++
stride_access.cpp,standard,metric,l1_cache_misses,g++,clang++,22068026.0,22152290.0,84264.0,0.381838,misses,lower_is_better,g++
stride_access.cpp,standard,metric,l1_icache_misses,g++,clang++,101101.0,104457.0,3356.0,3.319453,misses,lower_is_better,g++
stride_access.cpp,standard,metric,l2_cache_misses,g++,clang++,7958728.0,6539464.0,-1419264.0,-17.832799,misses,lower_is_better,clang++
stride_access.cpp,standard,metric,l2_per_l1_miss_pct,g++,clang++,36.0645,29.5205,-6.544,-18.145268,%,lower_is_better,clang++
stride_access.cpp,standard,metric,ref_cycles,g++,clang++,288254818.0,289885235.0,1630417.0,0.565617,cycles,lower_is_better,g++
stride_access.cpp,derived,metric,amd_l2_ic_dc_miss_in_l2,g++,clang++,7958728.0,6539464.0,-1419264.0,-17.832799,misses,lower_is_better,clang++
stride_access.cpp,derived,metric,branch_instructions,g++,clang++,23158007.0,10103518.0,-13054489.0,-56.371384,branches,lower_is_better,clang++
stride_access.cpp,derived,metric,branch_mispredictions,g++,clang++,37778.0,24236.0,-13542.0,-35.84626,misses,lower_is_better,clang++
stride_access.cpp,derived,metric,branch_miss_rate_pct,g++,clang++,0.1631,0.2399,0.0768,47.087676,%,lower_is_better,g++
stride_access.cpp,derived,metric,cache_miss_rate_pct,g++,clang++,18.8004,14.5129,-4.2875,-22.805366,%,lower_is_better,clang++
stride_access.cpp,derived,metric,cache_misses,g++,clang++,8297991.0,6405898.0,-1892093.0,-22.80182,misses,lower_is_better,clang++
stride_access.cpp,derived,metric,cache_references,g++,clang++,44137422.0,44139233.0,1811.0,0.004103,references,lower_is_better,g++
stride_access.cpp,derived,metric,cpu_cycles,g++,clang++,420378524.0,422196226.0,1817702.0,0.432396,cycles,lower_is_better,g++
stride_access.cpp,derived,metric,dtlb_load_misses,g++,clang++,1025276.0,622716.0,-402560.0,-39.263574,misses,lower_is_better,clang++
stride_access.cpp,derived,metric,execution_time_ms,g++,clang++,77.2592,79.5908,2.3316,3.017893,ms,lower_is_better,g++
stride_access.cpp,derived,metric,frontend_stall_cycles,g++,clang++,17783925.0,6656120.0,-11127805.0,-62.572267,cycles,lower_is_better,clang++
stride_access.cpp,derived,metric,frontend_stall_ratio_pct,g++,clang++,4.2305,1.5765,-2.654,-62.734901,%,lower_is_better,clang++
stride_access.cpp,derived,metric,instruction_count,g++,clang++,136937090.0,90304106.0,-46632984.0,-34.054312,instructions,lower_is_better,clang++
stride_access.cpp,derived,metric,ipc,g++,clang++,0.3257,0.2139,-0.1118,-34.326067,insn/cycle,higher_is_better,g++
stride_access.cpp,derived,metric,itlb_load_misses,g++,clang++,277.0,318.0,41.0,14.801444,misses,lower_is_better,g++
stride_access.cpp,derived,metric,l1_cache_misses,g++,clang++,22068026.0,22152290.0,84264.0,0.381838,misses,lower_is_better,g++
stride_access.cpp,derived,metric,l1_icache_misses,g++,clang++,101101.0,104457.0,3356.0,3.319453,misses,lower_is_better,g++
stride_access.cpp,derived,metric,l2_cache_misses,g++,clang++,7958728.0,6539464.0,-1419264.0,-17.832799,misses,lower_is_better,clang++
stride_access.cpp,derived,metric,l2_per_l1_miss_pct,g++,clang++,36.0645,29.5205,-6.544,-18.145268,%,lower_is_better,clang++
stride_access.cpp,derived,metric,ref_cycles,g++,clang++,288254818.0,289885235.0,1630417.0,0.565617,cycles,lower_is_better,g++
stride_access.cpp,derived,derived_metric,branch_miss_rate,g++,clang++,0.001631,0.002399,0.000768,47.087676,,lower_is_better,g++
stride_access.cpp,derived,derived_metric,branch_mpki,g++,clang++,0.275879,0.268382,-0.007497,-2.717496,,lower_is_better,clang++
stride_access.cpp,derived,derived_metric,cache_miss_rate,g++,clang++,0.188004,0.145129,-0.042875,-22.805366,,lower_is_better,clang++
stride_access.cpp,derived,derived_metric,cpi,g++,clang++,3.069866,4.675272,1.605406,52.295638,,lower_is_better,g++
stride_access.cpp,derived,derived_metric,execution_efficiency,g++,clang++,1772437.327852,1134604.828699,-637832.499153,-35.986181,,higher_is_better,g++
stride_access.cpp,derived,derived_metric,frontend_stall_ratio,g++,clang++,0.042305,0.015765,-0.02654,-62.734901,,lower_is_better,clang++
stride_access.cpp,derived,derived_metric,ipc,g++,clang++,0.325747,0.213891,-0.111856,-34.338305,,higher_is_better,g++
stride_access.cpp,derived,derived_metric,l1_mpki,g++,clang++,161.154483,245.307672,84.153189,52.218956,,lower_is_better,g++
stride_access.cpp,derived,derived_metric,l2_mpki,g++,clang++,58.119593,72.416021,14.296428,24.598293,,lower_is_better,g++
stride_access.cpp,derived,derived_metric,memory_intensity,g++,clang++,0.322319,0.488784,0.166465,51.64604,,lower_is_better,g++
